Annual Distance (miles/vehicle),2020.0
LDVs,17321.405009713
HDVs,75878.509219525
aircraft,0.0
rail,41976.032623912
ships,164292.233398041
motorbikes,0.0
