Annual Distance (miles/vehicle),2020.0
LDVs,17412.796442393
HDVs,75495.921284722
aircraft,0.0
rail,41763.845224514
ships,164010.206717135
motorbikes,0.0
