Annual Distance (miles/vehicle),2020.0
LDVs,19193.419536673
HDVs,37843.876612099
aircraft,4414706.01583849
rail,0.0
ships,351.057657424
motorbikes,3783.200633311
