Annual Distance (miles/vehicle),2020.0
LDVs,19386.192787444
HDVs,21420.985591198
aircraft,5127000.000000001
rail,0.0
ships,331.271153067
motorbikes,3295.635698033
