Annual Distance (miles/vehicle),2020.0
LDVs,19293.836450521
HDVs,37653.150551045
aircraft,240995.639979195
rail,0.0
ships,352.581412152
motorbikes,3803.880905326
