Annual Distance (miles/vehicle),2020.0
LDVs,16913.612222288
HDVs,78706.554162005
aircraft,0.0
rail,41991.847733991
ships,157352.658473934
motorbikes,0.0
