solar pv,Hour0,Hour1,Hour2,Hour3,Hour4,Hour5,Hour6,Hour7,Hour8,Hour9,Hour10,Hour11,Hour12,Hour13,Hour14,Hour15,Hour16,Hour17,Hour18,Hour19,Hour20,Hour21,Hour22,Hour23
Winter,0,0,0,0,0.0,1.9647909462433196e-05,0.03334530920195806,0.2862924956213232,0.43206033592311494,0.46343804733462063,0.47679020523644866,0.4803268289396867,0.493100776934477,0.49459121120941285,0.46688485202317337,0.3027770916603044,0.044022544572686034,0.0,0,0,0,0,0,0
Spring,0,0,0,0,0.00037245602285308153,0.10326257807908366,0.3752511515383459,0.5710468406161585,0.6616049095854463,0.7015773000013668,0.7125117887456776,0.709395459453549,0.7082712573295243,0.687078851331957,0.6524780285116795,0.5849712286264918,0.392100515287782,0.08271257329524484,0,0,0,0,0,0
Summer,0,0,0,0,0.0006504135546184785,0.15932602702106985,0.43106519673203303,0.5681217863246937,0.6385290536121437,0.6697272237820101,0.6821501226752236,0.6841844717377241,0.6807914810277981,0.6537017564779382,0.6104673221389935,0.5432651483123576,0.41490964671703745,0.16348867377062803,0,0,0,0,0,0
Fall,0,0,0,0,0.0,0.009905123144077802,0.30891409547466764,0.5874377064640977,0.6620920320963093,0.6718013203395157,0.6593297292840172,0.6486206523363619,0.6526610355543415,0.6490123221381048,0.6280940625950187,0.5025484304863405,0.1815389531078483,0.0025200859612143824,0,0,0,0,0,0
Summer Peak,0,0,0,0,0.0006287331027978623,0.1967934611757309,0.5910091166299906,0.7371895630304935,0.7909462433197108,0.7893744105627161,0.7912606098711096,0.780257780572147,0.7865451116001256,0.7865451116001256,0.7554228230116316,0.6884627475636592,0.5347375039295819,0.24269097767997483,0,0,0,0,0,0
Winter Peak,0,0,0,0,0.0,0.0,0.0012574662055957245,0.0707324740647595,0.21345488839987425,0.26941213454888396,0.3357434768940584,0.32002514932411186,0.3049355548569632,0.20779629047469347,0.13486325055014145,0.08833700094309965,0.0,0.0,0,0,0,0,0,0
