Unit: dimensionless (ratio of electricity demand in this hour to annual demand),Hour0,Hour1,Hour2,Hour3,Hour4,Hour5,Hour6,Hour7,Hour8,Hour9,Hour10,Hour11,Hour12,Hour13,Hour14,Hour15,Hour16,Hour17,Hour18,Hour19,Hour20,Hour21,Hour22,Hour23
Winter,0,0,0,0,0.0,0.0,0.07219796215429401,0.25192867540029107,0.32627365356623,0.3453420669577875,0.352183406113537,0.351783114992722,0.36102620087336257,0.47398107714701604,0.4080786026200874,0.20163755458515292,0.018995633187772924,0.0,0,0,0,0,0,0
Spring,0,0,0,0,0.0009018416555914185,0.008923485855325614,0.2874026960318967,0.3970951205619897,0.43962407442566925,0.4542908676666035,0.4595120561989746,0.4640687298272263,0.4598917790013292,0.5252041010062652,0.49036453389026013,0.4040250617049554,0.2075659768369091,0.0916555914182647,0,0,0,0,0,0
Summer,0,0,0,0,0.0015663565597114114,0.01571103094740839,0.3067210936016708,0.38005505980634136,0.42258401367002085,0.43952914372508073,0.44655401556863483,0.44607936206569215,0.43634896525536354,0.4721378393772546,0.4370609455097778,0.36605278146952724,0.23846591987848878,0.12089424719954435,0,0,0,0,0,0
Fall,0,0,0,0,0.0,0.0,0.2603622306535901,0.39652086763547867,0.4272317273963776,0.42945092705275967,0.43489154556518006,0.42801918533896505,0.4300236237382776,0.5143532106807931,0.4653160569833202,0.3145536545207244,0.08239673562889253,0.02391008662037368,0,0,0,0,0,0
Summer Peak,0,0,0,0,0.0,0.017467248908296946,0.39301310043668125,0.4847161572052402,0.4541484716157206,0.5065502183406114,0.5065502183406114,0.5065502183406114,0.5196506550218342,0.5676855895196506,0.5502183406113538,0.4541484716157206,0.22270742358078602,0.0960698689956332,0,0,0,0,0,0
Winter Peak,0,0,0,0,0.0,0.0,0.03493449781659389,0.20087336244541484,0.2183406113537118,0.3799126637554585,0.3537117903930131,0.36244541484716164,0.2532751091703057,0.314410480349345,0.2663755458515284,0.1222707423580786,0.0,0.0,0,0,0,0,0,0
