natural gas peaker,Hour0,Hour1,Hour2,Hour3,Hour4,Hour5,Hour6,Hour7,Hour8,Hour9,Hour10,Hour11,Hour12,Hour13,Hour14,Hour15,Hour16,Hour17,Hour18,Hour19,Hour20,Hour21,Hour22,Hour23
Winter,0.0,0.0,0.0,0.0,0.0,0.0,0.0,0.0,0.0,0.0,0.0,0.0,0.0,0.0,0.0,0.0,0.01037809011015307,0.03113427033045921,0.03113427033045921,0.02075618022030614,0.006918726740102047,0.0,0.0,0.0
Spring,0.0,0.0,0.0,0.0,0.0,0.0,0.0,0.0,0.0,0.0,0.0,0.0,0.0,0.0,0.0,0.0,0.008422797770559013,0.012634196655838521,0.012634196655838521,0.0,0.0,0.0,0.0,0.0
Summer,0.19595106537484436,0.19595106537484436,0.19595106537484436,0.19595106537484436,0.19595106537484436,0.19595106537484436,0.19595106537484436,0.19595106537484436,0.19595106537484436,0.20480789340634267,0.3221650347050663,0.38674815737542656,0.5625837150177153,0.6709339125555931,0.7822030270530044,0.8852824945382389,0.95,0.95,0.95,0.7066447766147982,0.35168779481006057,0.21071244542734155,0.19595106537484436,0.19595106537484436
Fall,0.02540647196365342,0.02540647196365342,0.02540647196365342,0.02540647196365342,0.02540647196365342,0.02540647196365342,0.02540647196365342,0.02540647196365342,0.02540647196365342,0.02540647196365342,0.02540647196365342,0.02540647196365342,0.02540647196365342,0.02961709512616902,0.03382771828868461,0.14887050706792423,0.18062859702249107,0.18698021501340445,0.1764179738599755,0.03382771828868461,0.02540647196365342,0.02540647196365342,0.02540647196365342,0.02540647196365342
Summer Peak,0.38744869744571464,0.38744869744571464,0.38744869744571464,0.38744869744571464,0.38744869744571464,0.38744869744571464,0.38744869744571464,0.38744869744571464,0.38744869744571464,0.38744869744571464,0.38744869744571464,0.644296710359166,0.644296710359166,0.95,0.95,0.95,0.95,0.95,0.95,0.644296710359166,0.644296710359166,0.38744869744571464,0.38744869744571464,0.38744869744571464
Winter Peak,0.0,0.0,0.0,0.0,0.0,0.0,0.0,0.0,0.0,0.0,0.0,0.0,0.0,0.0,0.0,0.0,0.0,0.0,0.0,0.0,0.0,0.0,0.0,0.0
