Unit: dimensionless (ratio of electricity demand in this hour to annual demand),Hour0,Hour1,Hour2,Hour3,Hour4,Hour5,Hour6,Hour7,Hour8,Hour9,Hour10,Hour11,Hour12,Hour13,Hour14,Hour15,Hour16,Hour17,Hour18,Hour19,Hour20,Hour21,Hour22,Hour23
Winter,0.006457478290761911,0.006457478290761911,0.006457478290761911,0.006457478290761911,0.008597878398374004,0.020424495942128962,0.01614369572690478,0.012914956581523822,0.012914956581523822,0.012914956581523822,0.012914956581523822,0.012914956581523822,0.012914956581523822,0.012914956581523822,0.012914956581523822,0.012914956581523822,0.027160105320320694,0.05380022643370736,0.05165982632609528,0.03874486974457146,0.019372434872285734,0.006457478290761911,0.006457478290761911,0.006457478290761911
Spring,0.0,0.0,0.0,0.0,0.0,0.0,0.0,0.0,0.0,0.0,0.0,0.0,0.0,0.0,0.0,0.0,0.008422797770559013,0.012634196655838521,0.012634196655838521,0.0,0.0,0.0,0.0,0.0
Summer,0.20635854537869605,0.20635854537869605,0.20635854537869605,0.20635854537869605,0.20635854537869605,0.20635854537869605,0.20635854537869605,0.20635854537869605,0.20635854537869605,0.2203176765152966,0.35904147125699404,0.467228680823032,0.6556690646523738,0.7802917709916752,0.8881950660261207,0.95,0.95,0.95,0.95,0.7919007207278762,0.3897515597575153,0.2231095027426168,0.20635854537869605,0.20635854537869605
Fall,0.02540647196365342,0.02540647196365342,0.02540647196365342,0.02540647196365342,0.02540647196365342,0.02540647196365342,0.02540647196365342,0.02540647196365342,0.02540647196365342,0.02540647196365342,0.02540647196365342,0.02540647196365342,0.02540647196365342,0.02961709512616902,0.03382771828868461,0.14887050706792423,0.18062859702249107,0.18698021501340445,0.1764179738599755,0.03382771828868461,0.02540647196365342,0.02540647196365342,0.02540647196365342,0.02540647196365342
Summer Peak,0.38744869744571464,0.38744869744571464,0.38744869744571464,0.38744869744571464,0.38744869744571464,0.38744869744571464,0.38744869744571464,0.38744869744571464,0.38744869744571464,0.38744869744571464,0.38744869744571464,0.644296710359166,0.644296710359166,0.95,0.95,0.95,0.95,0.95,0.95,0.644296710359166,0.644296710359166,0.38744869744571464,0.38744869744571464,0.38744869744571464
Winter Peak,0.0,0.0,0.0,0.0,0.0,0.0,0.0,0.0,0.0,0.0,0.0,0.0,0.0,0.0,0.0,0.0,0.0,0.0,0.0,0.0,0.0,0.0,0.0,0.0
