solar pv,Hour0,Hour1,Hour2,Hour3,Hour4,Hour5,Hour6,Hour7,Hour8,Hour9,Hour10,Hour11,Hour12,Hour13,Hour14,Hour15,Hour16,Hour17,Hour18,Hour19,Hour20,Hour21,Hour22,Hour23
Winter,0,0,0,0,0.0,1.7881394915708964e-05,0.030347281656946074,0.26055235980178343,0.3932144286814281,0.4217710163618152,0.4339227014495336,0.43714135253436126,0.4487668137145599,0.45012324524316566,0.4249079239270283,0.275554850136063,0.04006454255113991,0.0,0,0,0,0,0,0
Spring,0,0,0,0,0.00033896905144561345,0.09397839206134344,0.3415128742353612,0.5197048618301654,0.6021209884486208,0.6384995202267013,0.64845090522327,0.6456147604992479,0.6445916337292881,0.6253046056828135,0.5938146917842976,0.5323773286617332,0.35684733655351086,0.07527600788341758,0,0,0,0,0,0
Summer,0,0,0,0,0.0005919358316924349,0.14500125903785852,0.3923087609865592,0.5170427948537485,0.5811198486344544,0.6095130373613016,0.6208190117466275,0.622670455486865,0.6195825235648698,0.5949283961748796,0.5555811060293244,0.4944209804859028,0.3776057326337988,0.14878964836069003,0,0,0,0,0,0
Fall,0,0,0,0,0.0,0.009014568138489873,0.2811400849934233,0.5346220491165684,0.6025643144933448,0.6114006549579207,0.6000503662507691,0.5903041266088431,0.5939812449338046,0.590660581956671,0.571623052261494,0.4573650426768156,0.16521705371823311,0.002293508751155851,0,0,0,0,0,0
Summer Peak,0,0,0,0,0.0005722046373026868,0.17910005147574098,0.5378723590645256,0.6709099372374003,0.71983343372678,0.7184029221335233,0.7201195360454312,0.7101059548926343,0.7158280012656612,0.7158280012656612,0.6875038717191783,0.6265640778464421,0.48666004402593516,0.22087098999883711,0,0,0,0,0,0
Winter Peak,0,0,0,0,0.0,0.0,0.0011444092746053737,0.06437302169655226,0.1942634743642622,0.24518968708420127,0.30555727631963475,0.2912521603870675,0.27751924909180314,0.18911363262853798,0.12273789470142632,0.0803947515410275,0.0,0.0,0,0,0,0,0,0
