Unit: dimensionless (ratio of electricity demand in this hour to annual demand),Hour0,Hour1,Hour2,Hour3,Hour4,Hour5,Hour6,Hour7,Hour8,Hour9,Hour10,Hour11,Hour12,Hour13,Hour14,Hour15,Hour16,Hour17,Hour18,Hour19,Hour20,Hour21,Hour22,Hour23
Winter,0,0,0,0,0.0,1.8338048831604318e-05,0.031295190191763606,0.2886985224772085,0.43942156554542594,0.4707796290474693,0.48275699465576866,0.48487896887771165,0.4969977994341401,0.4985879702399664,0.47147647490307043,0.306942261343393,0.04380435921617939,0.0,0,0,0,0,0,0
Spring,0,0,0,0,0.00037245602285308153,0.10326257807908366,0.3752511515383459,0.5710468406161585,0.6616049095854463,0.7015773000013668,0.7125117887456776,0.709395459453549,0.7082712573295243,0.687078851331957,0.6524780285116795,0.5849712286264918,0.392100515287782,0.08271257329524484,0,0,0,0,0,0
Summer,0,0,0,0,0.0006663204078564302,0.16278720118092482,0.4405847217856017,0.578198679660484,0.6476634364364502,0.6773232371553927,0.6887087735604066,0.6906633134234514,0.6877246695734183,0.6618987739704494,0.6198283285267143,0.5529741809384525,0.4241761546136709,0.1686884080751199,0,0,0,0,0,0
Fall,0,0,0,0,0.0,0.009905123144077802,0.30891409547466764,0.5874377064640977,0.6620920320963093,0.6718013203395157,0.6593297292840172,0.6486206523363619,0.6526610355543415,0.6490123221381048,0.6280940625950187,0.5025484304863405,0.1815389531078483,0.0025200859612143824,0,0,0,0,0,0
Summer Peak,0,0,0,0,0.0006287331027978623,0.1967934611757309,0.5910091166299906,0.7371895630304935,0.7909462433197108,0.7893744105627161,0.7912606098711096,0.780257780572147,0.7865451116001256,0.7865451116001256,0.7554228230116316,0.6884627475636592,0.5347375039295819,0.24269097767997483,0,0,0,0,0,0
Winter Peak,0,0,0,0,0.0,0.0,0.0012574662055957245,0.0707324740647595,0.21345488839987425,0.26941213454888396,0.3357434768940584,0.32002514932411186,0.3049355548569632,0.20779629047469347,0.13486325055014145,0.08833700094309965,0.0,0.0,0,0,0,0,0,0
