solar pv,Hour0,Hour1,Hour2,Hour3,Hour4,Hour5,Hour6,Hour7,Hour8,Hour9,Hour10,Hour11,Hour12,Hour13,Hour14,Hour15,Hour16,Hour17,Hour18,Hour19,Hour20,Hour21,Hour22,Hour23
Winter,0,0,0,0,0.0,1.9647909462433196e-05,0.03334530920195806,0.2862924956213232,0.43206033592311494,0.46343804733462063,0.47679020523644866,0.4803268289396867,0.493100776934477,0.49459121120941285,0.46688485202317337,0.3027770916603044,0.044022544572686034,0.0,0,0,0,0,0,0
Spring,0,0,0,0,0.00037245602285308153,0.10326257807908366,0.3752511515383459,0.5710468406161585,0.6616049095854463,0.7015773000013668,0.7125117887456776,0.709395459453549,0.7082712573295243,0.687078851331957,0.6524780285116795,0.5849712286264918,0.392100515287782,0.08271257329524484,0,0,0,0,0,0
Summer,0,0,0,0,0.0006504135546184785,0.15932602702106985,0.43106519673203303,0.5681217863246937,0.6385290536121437,0.6697272237820101,0.6821501226752236,0.6841844717377241,0.6807914810277981,0.6537017564779382,0.6104673221389935,0.5432651483123576,0.41490964671703745,0.16348867377062803,0,0,0,0,0,0
Fall,0,0,0,0,0.0,0.009905123144077802,0.30891409547466764,0.5874377064640977,0.6620920320963093,0.6718013203395157,0.6593297292840172,0.6486206523363619,0.6526610355543415,0.6490123221381048,0.6280940625950187,0.5025484304863405,0.1815389531078483,0.0025200859612143824,0,0,0,0,0,0
Summer Peak,0,0,0,0,0.0009430996541967934,0.22301163156240178,0.6062244577176988,0.7535366237032379,0.8066016975793775,0.8094938698522477,0.8028292989625904,0.8033951587551083,0.8083621502672115,0.8045268783401446,0.7827098396730586,0.7219113486325055,0.5854133920150895,0.25916378497327885,0,0,0,0,0,0
Winter Peak,0,0,0,0,0.0,0.0,0.0025935240490411815,0.3223828984596039,0.5424787802577805,0.5735617730273499,0.5662920465262495,0.5486089280100597,0.5515561144294246,0.5545425966677144,0.5357591952216284,0.3652546369066332,0.04074976422508645,0.0,0,0,0,0,0,0
