natural gas steam turbine,Hour0,Hour1,Hour2,Hour3,Hour4,Hour5,Hour6,Hour7,Hour8,Hour9,Hour10,Hour11,Hour12,Hour13,Hour14,Hour15,Hour16,Hour17,Hour18,Hour19,Hour20,Hour21,Hour22,Hour23
Winter,0.0,0.0,0.0,0.0,0.0,0.0,0.0,0.0,0.0,0.0,0.0,0.0,0.0,0.0,0.0,0.0,0.0,0.0,0.0,0.0,0.0,0.0,0.0,0.0
Spring,0.0,0.0,0.0,0.0,0.0,0.0,0.0,0.0,0.0,0.0,0.0,0.0,0.0,0.0,0.0,0.0,0.0,0.0,0.0,0.0,0.0,0.0,0.0,0.0
Summer,0.07915454775975614,0.07915454775975614,0.07915454775975614,0.07915454775975614,0.07915454775975614,0.07915454775975614,0.07915454775975614,0.07915454775975614,0.07915454775975614,0.07915454775975614,0.2503712477384639,0.47107028049232735,0.7428841906681831,0.9317247351969463,0.95,0.95,0.95,0.95,0.95,0.95,0.3645729966592458,0.05485731895158109,0.05485731895158109,0.05485731895158109
Fall,0.0,0.0,0.0,0.0,0.0,0.0,0.0,0.0,0.0,0.0,0.0,0.0,0.0,0.0,0.09696150775768794,0.17238206547006452,0.17238206547006452,0.17238206547006452,0.17238206547006452,0.057460688490021505,0.0,0.0,0.0,0.0
Summer Peak,0.08521883056484565,0.08521883056484565,0.08521883056484565,0.08521883056484565,0.08521883056484565,0.08521883056484565,0.08521883056484565,0.08521883056484565,0.08521883056484565,0.08521883056484565,0.95,0.95,0.95,0.95,0.95,0.95,0.95,0.95,0.95,0.95,0.95,0.5079906118270916,0.5079906118270916,0.5079906118270916
Winter Peak,0.0,0.0,0.0,0.0,0.0,0.13694400282045735,0.08212487204774963,0.0,0.0,0.0,0.0,0.0,0.0,0.0,0.0,0.0,0.0,0.21906887486820698,0.21906887486820698,0.21906887486820698,0.0,0.0,0.0,0.0
