Unit: dimensionless (ratio of electricity demand in this hour to annual demand),Hour0,Hour1,Hour2,Hour3,Hour4,Hour5,Hour6,Hour7,Hour8,Hour9,Hour10,Hour11,Hour12,Hour13,Hour14,Hour15,Hour16,Hour17,Hour18,Hour19,Hour20,Hour21,Hour22,Hour23
Winter,0.0,0.0,0.0,0.0,0.0,0.003621836694312566,0.0021720036582268685,0.0,0.0,0.0,0.0,0.0,0.0,0.0,0.0,0.0,0.0,0.005793840352539434,0.005793840352539434,0.005793840352539434,0.0,0.0,0.0,0.0
Spring,0.0,0.0,0.0,0.0,0.0,0.0,0.0,0.0,0.0,0.0,0.0,0.0,0.0,0.0,0.0,0.0,0.0,0.0,0.0,0.0,0.0,0.0,0.0,0.0
Summer,0.03153243589352391,0.03153243589352391,0.03153243589352391,0.03153243589352391,0.03153243589352391,0.03153243589352391,0.03153243589352391,0.03153243589352391,0.03153243589352391,0.03153243589352391,0.12816767588025363,0.24024320790889409,0.35732940302420435,0.42817351728748276,0.49146761168893144,0.5396545031600207,0.6152263338453179,0.6366944643253021,0.6199504686639864,0.460300499337109,0.18456360222957535,0.03153243589352391,0.03153243589352391,0.03153243589352391
Fall,0.0,0.0,0.0,0.0,0.0,0.0,0.0,0.0,0.0,0.0,0.0,0.0,0.0,0.0,0.038465950260679026,0.06838631235784251,0.06838631235784251,0.06838631235784251,0.06838631235784251,0.02279543745261417,0.0,0.0,0.0,0.0
Summer Peak,0.0,0.0,0.0,0.0,0.0,0.0,0.0,0.0,0.0,0.0,0.056345783902421426,0.056345783902421426,0.95,0.95,0.95,0.95,0.95,0.95,0.95,0.95,0.0,0.0,0.0,0.0
Winter Peak,0.0,0.0,0.0,0.0,0.0,0.0,0.0,0.0,0.0,0.0,0.0,0.0,0.0,0.0,0.0,0.0,0.0,0.0,0.0,0.0,0.0,0.0,0.0,0.0
