solar pv dist,Hour0,Hour1,Hour2,Hour3,Hour4,Hour5,Hour6,Hour7,Hour8,Hour9,Hour10,Hour11,Hour12,Hour13,Hour14,Hour15,Hour16,Hour17,Hour18,Hour19,Hour20,Hour21,Hour22,Hour23
Winter,0,0,0,0,0.0,0.0,0.07439176543980036,0.24699781659388645,0.320609794135995,0.3389737991266376,0.3466157205240174,0.3460308796007487,0.35480349344978185,0.4685355583281348,0.4019026824703682,0.19919681846537746,0.018987835308796008,0.0,0,0,0,0,0,0
Spring,0,0,0,0,0.0009018416555914185,0.008923485855325614,0.2874026960318967,0.3970951205619897,0.43962407442566925,0.4542908676666035,0.4595120561989746,0.4640687298272263,0.4598917790013292,0.5252041010062652,0.49036453389026013,0.4040250617049554,0.2075659768369091,0.0916555914182647,0,0,0,0,0,0
Summer,0,0,0,0,0.0015057973196807716,0.015359132660743863,0.30060733825227126,0.3730863825729057,0.4174070170155097,0.4344225267279024,0.4416503538623701,0.44134919439843406,0.43055764694072185,0.4650905988054007,0.42905184962104104,0.35767705666817246,0.23204336696280686,0.11659890578728105,0,0,0,0,0,0
Fall,0,0,0,0,0.0,0.0,0.2603622306535901,0.39652086763547867,0.4272317273963776,0.42945092705275967,0.43489154556518006,0.42801918533896505,0.4300236237382776,0.5143532106807931,0.4653160569833202,0.3145536545207244,0.08239673562889253,0.02391008662037368,0,0,0,0,0,0
Summer Peak,0,0,0,0,0.0026200873362445423,0.02183406113537118,0.4131004366812227,0.5013100436681224,0.5126637554585153,0.5283842794759827,0.531877729257642,0.5283842794759825,0.537117903930131,0.594759825327511,0.5764192139737991,0.5117903930131004,0.3502183406113537,0.1956331877729258,0,0,0,0,0,0
Winter Peak,0,0,0,0,0.0,0.0,0.04148471615720525,0.32096069868995636,0.40556768558951967,0.43449781659388653,0.43013100436681223,0.4323144104803494,0.44814410480349354,0.5502183406113538,0.4945414847161572,0.23580786026200876,0.019104803493449785,0.0,0,0,0,0,0,0
